id,official_split,reason,question_raw,answer_raw
d0a5d5a4338da2fe74e137c34507dedbf506c8ab7bdad982ad71cdb4747baaf0,train,low quality rating: marked quality = False by AfriMed-QA human reviewers,What traditional African remedy is commonly used to manage malaria symptoms?,"Artemisia annua, also known as sweet wormwood, is often used in traditional African medicine to treat malaria."
bae8d58255e29f1f250693d591fb91111072015ec19b942d0eec03b354cb489a,train,low quality rating: marked quality = False by AfriMed-QA human reviewers,How do certain African societies manage symptoms of asthma?,Inhaling vapors from boiled African potato (Hypoxis hemerocallidea) or rooibos tea is a traditional method used to manage asthma symptoms in some African societies.
45d1a6c311e50cf560d335eecd02ef9f2fb301ed4539fac02d65a59619f91927,train,"not health-related: genealogy or child labour, outside the medical domain",How has colonialism affected African genealogical records?,"Colonialism disrupted traditional genealogical practices, leading to the loss or distortion of many records and ancestral knowledge."
c98a810f88f0784b48cbc6e12917020f5a91dbec71633cf9e6c5f03b161a2922,train,"conflicting answer: describes insecticides for mosquito control (pyrethroids), not a malaria treatment",What is the first-line treatment for uncomplicated malaria in Nigeria?,"Pyrethroids, such as Deltamethrin or Alpha-cypermethrin. Pyrethroids are recommended for indoor residual spraying in Nigeria because they are effective against Anopheles mosquitoes, the primary vector of malaria in the country, and have a relatively low toxicity to humans."
307d2f96a445b5033cf13d3c95dc4a53912c6b8c38322b46f2e384b57b84480a,train,near-duplicate: same question meaning and near-identical answer as record 547f5ec8,Describe the histopathological findings in African cases of endemic visceral leishmaniasis affecting the bone marrow.,"African cases of endemic visceral leishmaniasis affecting the bone marrow typically exhibit hypercellularity, histiocytic proliferation, and the presence of Leishmania amastigotes within histiocytes or macrophages. Histopathological examination may reveal erythroid hyperplasia, myeloid expansion, and varying degrees of granulomatous inflammation in affected areas."
1bb7b4ca3c6ef0beb1ed95c7f2c021cfdfe6ff9c16b6f0d0fe78acbeebaf6efe,train,"not health-related: genealogy or child labour, outside the medical domain",How do African societies view adoption in terms of genealogy?,"Adoption is often integrated into genealogy, with adopted children considered full members of the family and included in the genealogical record."
58c5c213216fecbcb7baf2d6b98fd213329f52c470f26579f231508a57988b7a,train,near-duplicate: same question meaning and near-identical answer as record 8023dbdc,Which parasitic infection is a leading cause of blindness in Africa?,"Onchocerciasis, or river blindness, is a leading cause of blindness in Africa."
05f64a4521317459dd4232dcf79789f262dcceb7fb5a7d1495ec791206cd37c0,train,"not health-related: genealogy or child labour, outside the medical domain",What is the significance of genealogy in African cultures?,"Genealogy is crucial in African cultures as it helps trace lineage, maintain cultural identity, and determine inheritance rights."
3013d981628eab9c992f6921fdef7fc41efab03d8502dc8b707091bc487ba7f1,train,low quality rating: marked quality = False by AfriMed-QA human reviewers,What are the identified risk factors of asthma in Nigeria ,"We identified family history of asthma, allergic rhinitis, outdoor pollutants and indoor pollutants, in door cooking,tobacco smoking and obesity as the risk factors of asthma."
4dad029792054df1aebf55bd17fb6bfdf0f250531ca3a8981a9d4a869eb9565e,train,low quality rating: marked quality = False by AfriMed-QA human reviewers,What indigenous African plant is used to manage symptoms of menorrhagia?,Drinking tea made from dried leaves of the shepherd's purse plant (Capsella bursa-pastoris) or consuming shepherd's purse supplements is believed to help regulate menstrual flow and alleviate symptoms of menorrhagia in some African cultures.
f589c587ae24b79fb6a0cbe2f76262edf677443363a0254457beee43ddd68cf0,train,conflicting answer: 'Subranoid' is not a recognised medicine; record 75afe24b answers the same question with ACTs,What is the recommended treatment for uncomplicated malaria in Africa?,Subranoid
0ef2881b0f2e49d5ead476553602220accd49a184a76100b240fefbd0a070b1b,train,low quality rating: marked quality = False by AfriMed-QA human reviewers,How do some African cultures manage symptoms of urinary incontinence?,Consuming pumpkin seeds or drinking pumpkin seed tea is a traditional method used to strengthen the pelvic floor muscles and alleviate symptoms of urinary incontinence in African communities.
0a27cf6d25ab6a192590f41ca0a33d3f0b53835edd20880d916860aafd49c4f1,train,"not health-related: genealogy or child labour, outside the medical domain",How do African communities traditionally record and preserve genealogical information?,"African communities often use oral traditions, storytelling, and special ceremonies to record and preserve genealogical information."
3e54646074c3482bf11888d417a085b84155d6efb1047e6b0919faaaf64ed2d4,train,malformed question: the question field contains the answer text instead of a question,"African cases of endemic leishmaniasis affecting the bone marrow typically exhibit hypercellularity, histiocytic proliferation, and the presence of Leishmania amastigotes within histiocytes or macrophages. Histopathological examination may reveal erythroid hyperplasia, myeloid expansion, and varying degrees of granulomatous inflammation in affected areas.","African cases of endemic leishmaniasis affecting the bone marrow typically exhibit hypercellularity, histiocytic proliferation, and the presence of Leishmania amastigotes within histiocytes or macrophages. Histopathological examination may reveal erythroid hyperplasia, myeloid expansion, and varying degrees of granulomatous inflammation in affected areas."
2d30b1ba16c58c2fd63d70aa3f44a795b73ed89acf68f7ffda910d9a4f93b9ee,train,"answer does not match question: asks about urinary tract infections, answer is about allergies/hay fever (identical to record 735e51b4)",How do African communities traditionally address urinary tract infections (UTIs)?,"Africans may use herbs like stinging nettle, butterbur, and rooibos tea to help manage allergies and hay fever symptoms, as well as consuming locally produced honey, which is believed to contain pollen that can desensitize the immune system"
648cb7e69b63d1be2500b60ae6fcf4ceb6467606eb7d93a5006c567d99e2d116,train,near-duplicate: same question meaning and near-identical answer as record 96d5acbb,What are the socioeconomic factors contributing to the high prevalence of non-communicable diseases like diabetes and hypertension in urban African populations compared to developed countries?,"Urbanization, changes in lifestyle behaviors, limited access to healthy foods, and disparities in healthcare access contribute to the high prevalence of non-communicable diseases in urban African populations."
75cf5a742d1d7500bae9cb0683b3fc862c8baa09ab8e7c76c2f067dddcbc04d2,train,"not health-related: genealogy or child labour, outside the medical domain","What are the socio-economic factors contributing to the prevalence of child labor in Africa, and what strategies can be implemented to address child labor and promote children's rights?","Child labor remains prevalent in many parts of Africa due to socio-economic factors such as poverty, lack of access to education, unemployment among adults, and demand for cheap labor in informal sectors. Children from marginalized communities, including rural areas, urban slums, and conflict-affected regions, are particularly vulnerable to exploitation. Strategies to address child labor and promote children's rights involve a multi-dimensional approach that includes poverty reduction measures, universal access to quality education, enforcement of laws prohibiting child labor, social protection programs for vulnerable families, awareness-raising campaigns, and empowerment of children and communities to advocate for their rights. Collaboration between governments, civil society organizations, employers, and international partners is essential for creating a protective environment for children and ensuring their holistic development."
b40bdff5803e55601e83dacfdafb928e870b1737385926912de1e7691b7aa53e,train,malformed question: the question field contains the answer text instead of a question,Onchocerciasis is endemic in many parts of Africa and is transmitted by the black fly. Chronic infection can lead to severe dermatologic manifestations and blindness due to ocular involvement.,Onchocerciasis is endemic in many parts of Africa and is transmitted by the black fly. Chronic infection can lead to severe dermatologic manifestations and blindness due to ocular involvement.
b61a4c06cde411fe9f020c29ff935b813e35c0a1eb73f1ab7412dee909983f6b,train,malformed question: the question field contains the answer text instead of a question,"MalariaRationale: Malaria is a major cause of AKI in sub-Saharan Africa due to its effects on renal function, including hemolysis, intravascular volume depletion, and sequestration of infected red blood cells in the renal microvasculature.","Malaria is a major cause of AKI in sub-Saharan Africa due to its effects on renal function, including hemolysis, intravascular volume depletion, and sequestration of infected red blood cells in the renal microvasculature."
7dfecde34ce777f9cef9a5f0965554320134421c22a92efc8ef22c366fc9aea6,train,"not health-related: genealogy or child labour, outside the medical domain",What role does genealogy play in traditional African religions?,"Genealogy often determines one's ancestral spirits and their connection to the living, influencing spiritual practices and beliefs."
ce4464d4ba9c9b6cb78fb0a03b2d9566f352835429bbd07dd35f3e8aa3a97e94,train,near-duplicate: same question meaning and near-identical answer as record 57b32ba1,"What is the primary cause of chronic liver disease in adults with chronic hepatitis B virus (HBV) infection in Africa?
","Chronic hepatitis B virus (HBV) infection is the primary cause of chronic liver disease in adults in Africa, leading to progressive liver inflammation, fibrosis, and cirrhosis. Factors such as vertical transmission, unsafe medical injections, and limited access to HBV vaccination contribute to the high prevalence of chronic HBV infection and its sequelae in the region.
"
676c499fa54867306db4902ef5300aaaad9360b8e2948193c5be863a808ff9d4,train,"not health-related: genealogy or child labour, outside the medical domain",What is the prevalence of child labor in specific African countries?,"Child labor prevalence varies by country and is influenced by factors such as poverty, lack of educational opportunities, and cultural norms. Some countries in Africa have higher rates of child labor than others."
3e454b98d6c1adc2e274cf95fe8bebb37071b84904d92d8307fadd1941812a4b,train,low quality rating: marked quality = False by AfriMed-QA human reviewers,How do certain African societies manage symptoms of acid reflux?,Drinking aloe vera juice or consuming extracts from the leaves of the aloe vera plant is believed to help soothe the esophagus and alleviate symptoms of acid reflux in some African cultures.
2ad4bed9e4e52d0984e38811363cda4478101158c820c97f492a56093ce13839,train,exact duplicate: same question and answer as an earlier record after cleaning,"What is the first-line treatment for uncomplicated cryptosporidiosis in Africa?
","Nitazoxanide is the first-line treatment for uncomplicated cryptosporidiosis in Africa due to its effectiveness in killing Cryptosporidium parasites and reducing the duration and severity of symptoms. This antiprotozoal medication is well-tolerated and provides high systemic concentrations, making it suitable for the treatment of cryptosporidiosis in immunocompetent individuals.
"
45dd1fc0e2e62078a3e2f1e08aeadaae6bd9beffbf6a749005a54d9b1d8e394b,train,"not health-related: genealogy or child labour, outside the medical domain",How do African diaspora communities maintain their genealogical ties to Africa?,"African diaspora communities often use DNA testing, oral history, and ancestral tourism to maintain their genealogical ties to Africa."
a81bbe276a48cfd92ccc4d232c2d00158d3043fe523929e456aa762a4db03c3e,test,near-duplicate: same question meaning and near-identical answer as record 9c0fc03f,"What are the advantages of enteral feeding over parenteral feeding? 
","Maintains integrity of gastrointestinal tract
Reduces translocation of gut bacteria that may lead to infection. 
Reduces the levels of pro-inflammatory cytokines  generated by the gut that contribute to hypermetabolism.
"
e857fcebbce8f37bc6d4a1c1262f0eb2dc3ff0376e30d97b1b008cb1b5006af6,test,near-duplicate: same question meaning and near-identical answer as record cd88f81a,"A 60-year male presents  with a  palpable right upper quadrant mass  suspicious of a hepatocellular carcinoma. He is scheduled for a liver resection surgery.
Which  imaging characteristics would increase your suspicion that the mass is most likely a HCC?
","Heterogenous single or multiple  mass, 
Rapid contrast  arterial enhancement  with a delayed portal venous washout"
58e4ca6b9bd3b0cfe087ba9302a7c840b4e6b85ce2b1a5d6f167fddce2a89e0e,test,near-duplicate: same question meaning and near-identical answer as record f7d4a78a,"A 60-year male presents  with a  palpable right upper quadrant mass  suspicious of a hepatocellular carcinoma. He is scheduled for a liver resection surgery.

List 4 important  modifiable aetiological factors for HCC.
","Control alcohol abuse, hepatitis B,C transmission reduction , (screen blood transfusion,, unsafe sex , IV drug use) , screening and treatment of hepatitis carriers ( antiviral drugs), limit  Aflatoxins ingestion, control  Toxin exposures (copper, iron), control smoiking,
Control obesity /diet / NAFLD"
1d1ced2d66426c5d47090b6bc9c1225fededd7cace6e7eb4110a398dd4edd35f,test,near-duplicate: same question meaning and near-identical answer as record ed78c366,State four treatment options for patients with Lung Cancer ,"Surgery:  Pneumonectomy, Lobectomy, Video Assisted Thoracoscopic Surgery (VATS)
Radiotherapy: Inoperable stages, Haemoptysis, Spinal Cord Compression, Mediastinal, Intracranial
Endobronchial treatment: Laser, radiotherapy, photodynamic
Chemotherapy: Small cell carcinoma is more responsive
"
fea7baee6ca2134055f8c017e99c0b6e2d4c8fc239c856d4bf97ba95c3c53665,test,near-duplicate: same question meaning and near-identical answer as record cec0808f,Name five(5)symptoms and for each symptom indicate the associated mechanism (s) in patients with mediastinal tumours? ,"Cough:      Airway narrowing, Compression
Chest Pain:  Chest wall and nerve invasion
Dyspnoe:   Airway compromise, pleural effusion, pericardial tamponade, pulmonary stenosis, heart   failure
Haemoptysis: Airway invasion, pulmonary stenosis, heart failure
Dysphagia:    Oesophageal narrowing, obstruction, dysmotility
Hoarseness:  Vocal cord paralysis
Facial swelling:  SVC syndrome"
