id,split,original_question,paraphrase
2bbd0a1c17536c7c2af69d785a2fe5dff4a6fca2a1a1aa2bc3893f8645f98852,val,What is the primary cause of endemic goiter in Africa?,Why do so many people in parts of Africa develop a swollen thyroid in the neck?
dad248969091068acd6b1d2e4f9a668cd226947424f15f69a218d4e3cad19641,val,How does access to clean water impact health outcomes in rural Africa?,"In African villages, what difference does having safe drinking water make to people's health?"
8e0389560ef00643378102ab3d919cf6b5f8f80d2546afd1fe8334a30d6925e9,val,How can traditional dance and physical activity be used to promote health and well-being in African communities?,Can dancing and staying active the traditional way help African communities stay healthy?
0e5464013057fafa77f13dbcd0cd6f3182b90d0864b71a4ac2882cdb20ea7657,val,What is the primary mode of transmission of Ebola virus disease in Africa?,How do people usually catch Ebola in Africa?
a09f67794c50517ebe85cb8b3574c3c046be79bb2e67cf55b55e1ad84910823f,val,"A 30-year-old man in a remote African village presents with intermittent fever, severe headaches, and muscle pains. He also reports feeling weak and lethargic, with occasional confusion. His occupation involves herding cattle, and he often sleeps in the open. Given his symptoms and context, what is the most likely diagnosis, and what initial diagnostic test should be conducted?","A cattle herder who sleeps outdoors has on-and-off fevers, bad headaches, body aches, tiredness and some confusion. What illness could this be and which test should be done first?"
498e9cd0d604892305322f77bd7a2d07cdec8a6a18802f6acc1455835e9e2990,val,What is the primary mode of transmission of Cholera in Africa?,How does cholera usually spread between people in Africa?
62007e711fd2c3a8377e1bdffa1dba0d387ca590c6ab60ec8166683d4e351b49,val,How does the prognosis of childhood leukemia differ between Africa and developed countries?,Do children with blood cancer have lower chances of survival in Africa than in rich countries?
3d9439b11a6bc10feb390ff0d72e88d16f7b69115c7992911fce7dfcf9e46a07,val,What is the leading cause of neonatal mortality in Nigeria?,What kills the most newborn babies in Nigeria?
5e13908150266c0f5544089d6f3ba9d6c7115deaace3ed535f148f40a435e05a,val,Describe the role of traditional medicine in healthcare delivery in Africa.,What part do traditional healers and herbal medicine play in how Africans get health care?
73a7d69fe9e4c0777661c07f10dbda14953ce29eb9d669c65172a560ab1b9e47,val,What cultural practices influence the prevalence of HIV/AIDS in certain African regions?,Which customs in some African areas make HIV spread more?
28ed54901ab14f4892fe74fbb92099c610a36e5ccce588dd5298af9e9bba1cbf,val,What is the primary cause of chronic hepatitis in adults in Africa?,What is the main reason African adults end up with long-term liver inflammation?
0905eb3e2ac1755359a48c7ecc12f529afccf233d55f9f72e82710b67f01e54f,val,What histopathological changes are observed in African cases of endemic tinea capitis affecting the scalp?,What does a scalp ringworm infection look like under the microscope in African patients?
547f5ec8e4b7bebed1ec557f080faca2509f5d6746045089d9b9ba21b3fb2742,val,What histopathological features characterize African cases of endemic leishmaniasis affecting the bone marrow?,"When leishmaniasis reaches the bone marrow, what do doctors see when they examine a marrow sample under the microscope?"
8762c35252bc18b105366a5b5b77940c0cc150921cfd4c7fd4f6046697ee113f,val,How can communities address the stigma surrounding mental health issues in Africa?,How can African communities stop people with mental illness from being looked down on?
6c716883f84024e3d5a12e32688a8f740fd1382580e70e50ffc899750554c8c2,val,Explain the impact of cultural practices such as child marriage and female genital mutilation on maternal and child health in Africa.,How do early marriage of girls and female circumcision harm the health of African mothers and their babies?
0e38b0cf54fc3bf5561e23232bae68468e80e6d3a0b0c35849a9fb59c4eafd20,val,What is the role of community health workers in malaria control programs in Nigeria?,What do village health workers do to help fight malaria in Nigeria?
2db65994645321d35de98e172b87fddcb3b6ecd357178021a2c32989596c467c,val,How does the prevalence and management of congenital malformations differ between regions with high and low folic acid supplementation rates in African countries compared to developed nations?,Are birth defects more common in African areas where pregnant women take less folic acid than in richer countries?
e46d4dfc677fa807caf16066273f9f9a6275fd3f8194131db3d78f8c352d0c85,val,Which condition is the most common cause of hypercalcemia in Africa?,What usually causes too much calcium in the blood in African patients?
176cbdbfa97530ec4c8ca747e5a1732172ce541f6e25cddd46b03a096da40b9d,val,How does the management of skin infections differ in African populations compared to Western populations?,Is treating skin infections in Africa different from treating them in Western countries?
fe1decc463a008679f5a0657979635808e619d358bc6388cf283c2c917a4869a,val,Which viral infection is a leading cause of liver cancer in Africa?,Which virus is behind many liver cancer cases in Africa?
6b8b846861c246c51d723c3c293cdd7903d3d78c7e757237e3b66f7b2d89d70e,test,Infectious complications of Atopic Dermatitis,What infections can people with eczema easily get on their skin?
7688c3faca219a516ec7c895f07ce64e549dfbfebe209758f00ce5ccf04a0a5a,test,Differential diagnosis for goitres,What other conditions can be mistaken for a goitre?
d4f8e32f32801e104076095b8dda021c735ffd090a0179decc594205293e922d,test,tumour markers for colon cancer:,Which blood tests are used to follow up bowel cancer?
0a92d38f0a47ec90adbfc5a4914d9e2f41d127657f8455abb7676c528dcfb9ed,test,Write short notes on surgical site infections under the following subheadings: Definition and classification,What is an infection of a surgical wound and what are the different kinds?
a1d47a3910c9f9ceec340d173002fb703a413bbd51509d212b8f78206ad48c93,test,What’s a positive DPL,"After abdominal trauma, what result of a peritoneal lavage counts as positive?"
fc61f4d625b16c4dc3aa668c25c32f92f7659b34ff62d93c88ff6768c32e6708,test,How do you make a diagnosis of Rheumatoid arthithritis:,Which test confirms that someone has rheumatoid arthritis?
23df495b4b9ef9dfb8d30626551f1dbe7fb94e0f43b109ee0c71ee6b95a4565b,test,What is the management of this disorder Inguinal hernia in children?,How is a groin hernia treated in a child?
86aad40a6e7bfa857d8844b4ddf3ceebf2d2434370c756231609b2cc63107712,test,Thoracotomy indications,When do surgeons need to open the chest?
c4275cf685d13de31777835dc047907ca5c74d82cdfe8fbabb35e2cd3512ece4,test,Management of pancreatic cancer,How is cancer of the pancreas treated?
78abd63d3377977e85e3b91e87a20753006f2b4184e457e0653a3aebc7312a72,test,What are the types of placenta previa and what is the treatment option for each,What kinds of low-lying placenta are there and how is each one handled?
4a8d3acdaa2b9b9920682347d1fa97df31463ac974c990207225ca33a5155764,test,Define Sigmoid Volvulus and its etiology,What is a twisted sigmoid colon and why does it happen?
7407d7ddb2a26137dfee08a76b18f135de39c3d1ba903193670f90190d8b9fb0,test,How has abruption placenta been relatively problematic in pregnant women in Africa,Why is early separation of the placenta such a problem for pregnant women in Africa?
b857a029af6f71930c8092116eab4b282db6474013f53bb8b98833913dc448c9,test,"The management of a patient with acute severe pancreatitis requires a multidisciplinary input of seveal care divers. Beyond nutrition, fluids and electrolyte management, list four other therapeutic interventions needed:","Besides feeding and fluids, what other treatments does a patient with severe acute pancreatitis need?"
d657b3f4656910fd29f6ac8eeb59ad8c9e0c948d2f42ff452f9c5b0925b18dbd,test,What is the classical definition of post partum hemorrhage State why it is common in Nigeria,"How much bleeding after childbirth counts as a postpartum haemorrhage, and why does it happen so often in Nigeria?"
7cab910dc06c0405c1b79a79b4436c347ab8a7dc8ad1786da8b64eea6af945fc,test,Discuss Iron metabolism.,"How does the body absorb, use and store iron?"
8e8c2f243ced855a9c6c727e842b59b1ffb32e8c5bdc9a4056356a52da5bc765,test,Common sites of metastasis of colorectal ca,Where in the body does bowel cancer usually spread to?
6afd5381fff653483146ad43e399b34b7a16074c975cd15b85f2b327160cfa23,test,List the suture lines of the fetal skull and their corresponding bordering bones,What are the joints between the bones of a baby's skull and which bones do they separate?
1958af85f6bcbc2b8420596333d97fe0277ff76f623e6678d6c516df91d5cda9,test,How would you manage a patient with atrial fibrillation,How is an irregular heartbeat from atrial fibrillation treated?
1f28507344be8276438f9ebf7641465449e34179f428b77a84ac16b7736dad01,test,How would you evaluate a lesion suspected to be malignant melanoma?,How should a doctor check a mole that might be skin cancer?
769cba625519aec26263be2d26b06e217e8df211e241a09e61740769929a0b6c,test,What is the rationale for the treatment modalities in hyperkalemia?,"Why is each treatment for high blood potassium used, and how does each one work?"
