name,method,model,description,val_recall@1,val_recall@3,val_mrr,test_recall@1,test_recall@3,test_mrr,index,paraphrase_recall@1,paraphrase_recall@3,paraphrase_mrr
E1_tfidf,tfidf,,"Baseline: TF-IDF (unigrams+bigrams, English stop-words removed) + cosine similarity",0.5532,0.7092,0.6564,0.2373,0.3249,0.2941,answers,0.075,0.25,0.2113
E2_pretrained,embedding,sentence-transformers/multi-qa-MiniLM-L6-cos-v1,"Pretrained multi-qa-MiniLM-L6-cos-v1 embeddings, no fine-tuning",0.6241,0.7943,0.711,0.3164,0.4237,0.3882,answers,0.475,0.6,0.5522
E3_finetune_seed42,embedding,models/E3_finetune_seed42,"Fine-tuned (MNRL): lr 2e-5, batch 32, best of 5 epochs, seed 42",0.7518,0.8865,0.8267,0.2797,0.4011,0.367,answers,0.45,0.6,0.5343
E3_finetune_seed43,embedding,models/E3_finetune_seed43,"Same as E3, seed 43 (variability check)",0.7518,0.8865,0.8305,0.2966,0.3955,0.3758,answers,0.45,0.6,0.5341
E3_finetune_seed44,embedding,models/E3_finetune_seed44,"Same as E3, seed 44 (variability check)",0.7447,0.8936,0.8215,0.2938,0.3983,0.3772,answers,0.45,0.6,0.5347
E4_lr5e-5_seed42,embedding,models/E4_lr5e-5_seed42,Learning rate 5e-5 instead of 2e-5,0.766,0.8865,0.8329,0.2768,0.3701,0.3548,answers,0.45,0.625,0.5385
E4b_lr1e-5_seed42,embedding,models/E4b_lr1e-5_seed42,Learning rate 1e-5 instead of 2e-5 (gentler),0.7518,0.8865,0.826,0.2853,0.4266,0.3755,answers,0.45,0.6,0.5371
E5_bs64_seed42,embedding,models/E5_bs64_seed42,Batch size 64 instead of 32,0.766,0.8936,0.8371,0.2853,0.3955,0.3719,answers,0.45,0.6,0.5331
E6a_pretrained_both,embedding,sentence-transformers/multi-qa-MiniLM-L6-cos-v1,"Pretrained model, compared with dataset questions and answers (higher similarity kept)",0.227,0.4113,0.3709,0.226,0.2825,0.285,both,0.675,0.8,0.7442
E6b_final_both,embedding,models/E5_bs64_seed42,"Final fine-tuned model, compared with dataset questions and answers (higher similarity kept)",0.383,0.6241,0.5478,0.1893,0.2655,0.2646,both,0.65,0.8,0.7325
